<?xml version='1.0' encoding='utf-8' standalone='yes' ?>
<map>
    <boolean name="measurement_enabled_from_api" value="true" />
    <long name="first_open_time" value="1740553448714" />
    <string name="gmp_app_id">1:751025760468:android:9128644ccbcba21e4c7341</string>
    <string name="app_instance_id">805412139d614b34d9b15bd8ee5b3eeb</string>
    <long name="session_id" value="1740553449" />
    <boolean name="app_backgrounded" value="true" />
    <long name="health_monitor:start" value="1740553449456" />
    <boolean name="use_service" value="true" />
    <boolean name="deferred_analytics_collection" value="true" />
    <boolean name="measurement_enabled" value="true" />
    <string name="previous_os_version">12</string>
    <boolean name="has_been_opened" value="true" />
    <boolean name="allow_remote_dynamite" value="true" />
    <long name="last_pause_time" value="1740556883809" />
    <boolean name="start_new_session" value="false" />
</map>
