<?xml version='1.0' encoding='utf-8' standalone='yes' ?>
<map>
    <float name="com.google.firebase.perf.NetworkRequestSamplingRate" value="1.0" />
    <boolean name="com.google.firebase.perf.ExperimentTTID" value="true" />
    <float name="com.google.firebase.perf.FragmentSamplingRate" value="0.1" />
    <boolean name="com.google.firebase.perf.SdkEnabled" value="true" />
    <float name="com.google.firebase.perf.TraceSamplingRate" value="1.0" />
    <string name="com.google.firebase.perf.SdkDisabledVersions"></string>
    <float name="com.google.firebase.perf.SessionSamplingRate" value="0.045454547" />
</map>
