<?xml version='1.0' encoding='utf-8' standalone='yes' ?>
<map>
    <set name="fire-perf/20.3.1 fire-cls/18.3.5 fire-core/20.3.1 android-min-sdk/24 fire-analytics-ktx/21.2.0 kotlin/1.8.22 fire-fcm/23.1.2 fire-core-ktx/20.3.1 fire-analytics/21.2.0 fire-auth/21.1.0 fire-abt/21.1.0 device-brand/samsung device-model/beyond0 android-installer/com.apkpure.aegon device-name/beyond0lteks fire-android/31 fire-installations/17.1.3 fire-rc/21.2.1 android-platform/ fire-transport/18.1.7 fire-perf-ktx/20.3.1 android-target-sdk/34">
        <string>2025-02-26</string>
    </set>
    <long name="fire-count" value="1" />
    <string name="last-used-date">2025-02-26</string>
    <long name="fire-global" value="1740553448766" />
</map>
