<?xml version='1.0' encoding='utf-8' standalone='yes' ?>
<map>
    <int name="openHttpDNS" value="0" />
    <string name="excludeLogTag">null</string>
    <int name="code" value="200" />
    <int name="openSpeech" value="0" />
    <string name="log">null</string>
    <boolean name="historyMsg" value="true" />
    <string name="activeServer">stats.us-light-edge.com</string>
    <string name="voipCallInfo"></string>
    <int name="grpMsgLimit" value="0" />
    <int name="openMp" value="0" />
    <int name="userProfile" value="0" />
    <string name="translate">{&quot;addrs&quot;:null}</string>
    <int name="subDriven" value="0" />
    <string name="lastSuccessNavi">https://nav-us.ronghub.com/</string>
    <string name="ossConfig">[{&quot;s3&quot;:&quot;ronghub.com&quot;,&quot;p&quot;:&quot;1&quot;},{&quot;aliyun&quot;:&quot;oss-accelerate.aliyuncs.com&quot;,&quot;p&quot;:&quot;2&quot;}]</string>
    <string name="aiAddr">null</string>
    <int name="grpRRVer" value="0" />
    <int name="ntyChangeToOptClient" value="0" />
    <string name="appKey">qd46yzrfqaw5f</string>
    <int name="logSwitch" value="1" />
    <boolean name="joinMChrm" value="false" />
    <int name="repairHisMsg" value="0" />
    <int name="kvStorage" value="0" />
    <boolean name="openGzip" value="false" />
    <int name="openTranslation" value="0" />
    <string name="logPolicy">{&quot;url&quot;: &quot;logcollection.ronghub.com&quot;,&quot;level&quot;:1,&quot;itv&quot;:6,&quot;times&quot;:5}</string>
    <int name="sesDriven" value="0" />
    <string name="active">{&quot;addrs&quot;:null}</string>
    <int name="openUS" value="0" />
    <int name="openCall" value="0" />
    <long name="cached_time" value="1740524066817" />
    <string name="userId">3-3c58a9ef-14d9-4b34-a8b9-da592d788e72</string>
    <string name="logServer">null</string>
    <string name="RCNaviWholeJson">{&quot;code&quot;:200,&quot;dc&quot;:&quot;AWSOR&quot;,&quot;userId&quot;:&quot;3-3c58a9ef-14d9-4b34-a8b9-da592d788e72&quot;,&quot;ossConfig&quot;:&quot;[{\&quot;s3\&quot;:\&quot;ronghub.com\&quot;,\&quot;p\&quot;:\&quot;1\&quot;},{\&quot;aliyun\&quot;:\&quot;oss-accelerate.aliyuncs.com\&quot;,\&quot;p\&quot;:\&quot;2\&quot;}]&quot;,&quot;gifSize&quot;:2048,&quot;repairHisMsg&quot;:0,&quot;openGzip&quot;:false,&quot;logSwitch&quot;:1,&quot;openTranslation&quot;:0,&quot;openSpeech&quot;:0,&quot;openUS&quot;:0,&quot;openMp&quot;:0,&quot;openHttpDNS&quot;:0,&quot;openCall&quot;:0,&quot;openAnti&quot;:0,&quot;ugMsg&quot;:0,&quot;kvStorage&quot;:0,&quot;videoTimes&quot;:120,&quot;chatroomMsg&quot;:false,&quot;joinMChrm&quot;:false,&quot;grpMsgLimit&quot;:0,&quot;grpRRVer&quot;:0,&quot;logPolicy&quot;:&quot;{\&quot;url\&quot;: \&quot;logcollection.ronghub.com\&quot;,\&quot;level\&quot;:1,\&quot;itv\&quot;:6,\&quot;times\&quot;:5}&quot;,&quot;subDriven&quot;:0,&quot;userProfile&quot;:0,&quot;ntyChangeToOptClient&quot;:0,&quot;eventDriven&quot;:0,&quot;location&quot;:null,&quot;historyMsg&quot;:true,&quot;aiAddr&quot;:null,&quot;translate&quot;:{&quot;addrs&quot;:null},&quot;sesDriven&quot;:0,&quot;activeServer&quot;:&quot;stats.us-light-edge.com&quot;,&quot;active&quot;:{&quot;addrs&quot;:null},&quot;serverAddr&quot;:[{&quot;addr&quot;:&quot;rmtp-c.us-light-edge.com:8883&quot;,&quot;protocol&quot;:1,&quot;weight&quot;:8},{&quot;addr&quot;:&quot;44.229.132.161:443&quot;,&quot;protocol&quot;:1,&quot;weight&quot;:7},{&quot;addr&quot;:&quot;rmtp.us-light-edge.com:8883&quot;,&quot;protocol&quot;:1,&quot;weight&quot;:6},{&quot;addr&quot;:&quot;rmtp-b.us-light-edge.com:8883&quot;,&quot;protocol&quot;:1,&quot;weight&quot;:5},{&quot;addr&quot;:&quot;44.229.132.161:8000&quot;,&quot;protocol&quot;:1,&quot;weight&quot;:4},{&quot;addr&quot;:&quot;tls-rmtp-c.us-light-edge.com:8873&quot;,&quot;protocol&quot;:2,&quot;weight&quot;:3},{&quot;addr&quot;:&quot;tls-rmtp.us-light-edge.com:8873&quot;,&quot;protocol&quot;:2,&quot;weight&quot;:2},{&quot;addr&quot;:&quot;tls-rmtp-b.us-light-edge.com:8873&quot;,&quot;protocol&quot;:2,&quot;weight&quot;:1}],&quot;log&quot;:null,&quot;excludeLogTag&quot;:null,&quot;logServer&quot;:null}</string>
    <int name="openAnti" value="0" />
    <int name="ugMsg" value="0" />
    <string name="token">/RCY/Rx283KPWxiOGBRzf+g/xecUVoDYpXWN7aqLAyHXx6JgeB4qSVQYzkZgwVkgr4ACz7X43Xe1GBEqom7j3g==@4ytl.us.rongnav.com;4ytl.us.rongcfg.com</string>
    <boolean name="chatroomMsg" value="false" />
    <int name="eventDriven" value="0" />
    <string name="serverAddr">[{&quot;addr&quot;:&quot;rmtp-c.us-light-edge.com:8883&quot;,&quot;protocol&quot;:1,&quot;weight&quot;:8},{&quot;addr&quot;:&quot;44.229.132.161:443&quot;,&quot;protocol&quot;:1,&quot;weight&quot;:7},{&quot;addr&quot;:&quot;rmtp.us-light-edge.com:8883&quot;,&quot;protocol&quot;:1,&quot;weight&quot;:6},{&quot;addr&quot;:&quot;rmtp-b.us-light-edge.com:8883&quot;,&quot;protocol&quot;:1,&quot;weight&quot;:5},{&quot;addr&quot;:&quot;44.229.132.161:8000&quot;,&quot;protocol&quot;:1,&quot;weight&quot;:4},{&quot;addr&quot;:&quot;tls-rmtp-c.us-light-edge.com:8873&quot;,&quot;protocol&quot;:2,&quot;weight&quot;:3},{&quot;addr&quot;:&quot;tls-rmtp.us-light-edge.com:8873&quot;,&quot;protocol&quot;:2,&quot;weight&quot;:2},{&quot;addr&quot;:&quot;tls-rmtp-b.us-light-edge.com:8873&quot;,&quot;protocol&quot;:2,&quot;weight&quot;:1}]</string>
    <int name="gifSize" value="2048" />
    <int name="videoTimes" value="120" />
    <string name="location">null</string>
    <string name="dc">AWSOR</string>
</map>
