<?xml version='1.0' encoding='utf-8' standalone='yes' ?>
<map>
    <boolean name="isConfig" value="true" />
    <string name="push_sdk_version">5.6.10</string>
    <string name="token_server">stats.us-light-edge.com</string>
    <string name="token_map">{&quot;FCM&quot;:&quot;eD4ElXoFRnicGCVxXlM4No:APA91bE-Wy-5TNPweOCTESHQF8JbgMu9Kv-cX_GwldkHGKz0zXrA8mrQ4LVfgCZaa6Z2QHGb2XLy0pkChMsJvKOCETcr3i1QwvgnQjC1NHip_5Z3sg_5yFk&quot;}</string>
    <string name="pushConfig">{&quot;appKey&quot;:&quot;qd46yzrfqaw5f&quot;,&quot;enableRongPush&quot;:false,&quot;enabledPushTypes&quot;:[&quot;GOOGLE_FCM&quot;],&quot;pushNaviAddress&quot;:&quot;nav-us.ronghub.com&quot;}</string>
    <long name="config_done_time" value="1740553452820" />
    <string name="deviceId">5f2bae640d73414a976480d3c4d4bf47</string>
    <string name="pushDomain">nav-us.ronghub.com</string>
    <string name="pushType">FCM</string>
    <string name="enabledPushTypes">FCM|</string>
    <string name="addressList">[&quot;44.230.38.245:8000&quot;]</string>
    <string name="domainInIMToken">4ytl.us.rongnav.com;4ytl.us.rongcfg.com</string>
    <string name="registerTypes">FCM|</string>
    <long name="navigation_time" value="1740553452672" />
    <string name="appKey">qd46yzrfqaw5f</string>
</map>
