<?xml version='1.0' encoding='utf-8' standalone='yes' ?>
<map>
    <set name="ROUTER_MAP">
        <string>com.alibaba.android.arouter.routes.ARouter$$Group$$register$j</string>
        <string>com.alibaba.android.arouter.routes.ARouter$$Group$$main</string>
        <string>com.alibaba.android.arouter.routes.ARouter$$Group$$me</string>
        <string>com.alibaba.android.arouter.routes.ARouter$$Group$$register</string>
        <string>com.alibaba.android.arouter.routes.ARouter$$Group$$arouter</string>
        <string>com.alibaba.android.arouter.routes.ARouter$$Group$$me$o</string>
        <string>com.alibaba.android.arouter.routes.ARouter$$Root$$arouterapi</string>
        <string>com.alibaba.android.arouter.routes.ARouter$$Group$$me$m</string>
        <string>com.alibaba.android.arouter.routes.ARouter$$Providers$$arouterapi</string>
        <string>com.alibaba.android.arouter.routes.ARouter$$Group$$me$n</string>
        <string>com.alibaba.android.arouter.routes.ARouter$$Group$$me$k</string>
        <string>com.alibaba.android.arouter.routes.ARouter$$Group$$me$l</string>
        <string>com.alibaba.android.arouter.routes.ARouter$$Group$$me$i</string>
        <string>com.alibaba.android.arouter.routes.ARouter$$Group$$match</string>
        <string>com.alibaba.android.arouter.routes.ARouter$$Group$$me$j</string>
        <string>com.alibaba.android.arouter.routes.ARouter$$Group$$me$g</string>
        <string>com.alibaba.android.arouter.routes.ARouter$$Group$$me$h</string>
        <string>com.alibaba.android.arouter.routes.ARouter$$Group$$me$e</string>
        <string>com.alibaba.android.arouter.routes.ARouter$$Group$$me$f</string>
        <string>com.alibaba.android.arouter.routes.ARouter$$Group$$main$b</string>
        <string>com.alibaba.android.arouter.routes.ARouter$$Group$$me$c</string>
        <string>com.alibaba.android.arouter.routes.ARouter$$Group$$main$c</string>
        <string>com.alibaba.android.arouter.routes.ARouter$$Group$$me$d</string>
        <string>com.alibaba.android.arouter.routes.ARouter$$Group$$register$a</string>
        <string>com.alibaba.android.arouter.routes.ARouter$$Group$$me$a</string>
        <string>com.alibaba.android.arouter.routes.ARouter$$Group$$main$a</string>
        <string>com.alibaba.android.arouter.routes.ARouter$$Group$$me$b</string>
        <string>com.alibaba.android.arouter.routes.ARouter$$Group$$match$c</string>
        <string>com.alibaba.android.arouter.routes.ARouter$$Group$$register$h</string>
        <string>com.alibaba.android.arouter.routes.ARouter$$Group$$match$b</string>
        <string>com.alibaba.android.arouter.routes.ARouter$$Group$$register$i</string>
        <string>com.alibaba.android.arouter.routes.ARouter$$Providers$$app</string>
        <string>com.alibaba.android.arouter.routes.ARouter$$Group$$register$f</string>
        <string>com.alibaba.android.arouter.routes.ARouter$$Group$$register$g</string>
        <string>com.alibaba.android.arouter.routes.ARouter$$Group$$register$d</string>
        <string>com.alibaba.android.arouter.routes.ARouter$$Group$$register$e</string>
        <string>com.alibaba.android.arouter.routes.ARouter$$Group$$match$a</string>
        <string>com.alibaba.android.arouter.routes.ARouter$$Group$$register$b</string>
        <string>com.alibaba.android.arouter.routes.ARouter$$Root$$app</string>
        <string>com.alibaba.android.arouter.routes.ARouter$$Group$$register$c</string>
    </set>
    <string name="LAST_VERSION_NAME">2.8.2</string>
    <int name="LAST_VERSION_CODE" value="38" />
</map>
