{"Fid":"eD4ElXoFRnicGCVxXlM4No","Status":3,"AuthToken":"eyJhbGciOiJFUzI1NiIsInR5cCI6IkpXVCJ9.eyJhcHBJZCI6IjE6NzUxMDI1NzYwNDY4OmFuZHJvaWQ6OTEyODY0NGNjYmNiYTIxZTRjNzM0MSIsImV4cCI6MTc0MTE1ODI1MCwiZmlkIjoiZUQ0RWxYb0ZSbmljR0NWeFhsTTRObyIsInByb2plY3ROdW1iZXIiOjc1MTAyNTc2MDQ2OH0.AB2LPV8wRAIgMLsVD9j34qip4Nhk31YQbzjrEbvS9Uo7x2vTzh1A1ykCIHi9s2hoW-99_IYZoGbeplh7_mKgsOy3s95NOLHWNAfz","RefreshToken":"3_AS3qfwLW93iayfKFBx2aKyHF3CfpNIVcDyC-YdK9NN75K3wMncHRZKt4XC8IpF7efIENKVazaG5cHEfCIDqFJ6mDFCUz0xvfHzyfxIQmrce5j5Y","TokenCreationEpochInSecs":1740553449,"ExpiresInSecs":604800}